draw,silhouette,k_selected,ortho_silhouette,sep_sil
0,0.2011595517,5,0.1954906285,0.0129927546
1,0.1635523289,4,0.1957214624,-0.0016091435
2,0.1582251489,5,0.1701419801,-0.0045864135
3,0.1754900217,4,0.1840767264,0.0022432222
4,0.2451981902,5,0.2606073022,-0.0019646699
5,0.1888935566,5,0.2062582076,0.0029807424
6,0.1471662670,2,0.1769970953,-0.0013202640
7,0.1695042551,5,0.1809435487,-0.0053154454
8,0.1506573260,5,0.1493235826,-0.0038665687
9,0.2279060036,5,0.2429257333,0.0003556054
10,0.1453934312,5,0.1715182811,0.0002346031
11,0.1954453439,4,0.2328748852,-0.0106661813
12,0.1622077674,4,0.1899508834,0.0054202634
13,0.1478067786,4,0.1727519482,0.0039282730
14,0.1933922917,5,0.2059659511,-0.0037635374
15,0.1513216794,5,0.1474868059,-0.0040101442
16,0.1539482474,5,0.1273278594,-0.0086570634
17,0.2501346469,4,0.2677615881,0.0129283322
18,0.1378644705,4,0.1470193118,0.0056138923
19,0.1368843019,5,0.1299675405,0.0057096761
20,0.1559262872,5,0.1672614217,-0.0034795883
21,0.1653342843,5,0.1586232781,-0.0064097047
22,0.1379926205,5,0.1456912905,-0.0039148885
23,0.1838570237,5,0.1948366761,-0.0067172190
24,0.1184849441,2,0.1345343739,-0.0089375349
25,0.1425341368,4,0.1700454801,0.0126735121
26,0.1583618522,4,0.1631660461,-0.0062535498
27,0.1844987422,4,0.2173918188,-0.0101717114
28,0.3034887910,4,0.3773990571,0.0044833105
29,0.1759366542,4,0.2059415728,-0.0014623896
30,0.2090459764,5,0.2252334952,-0.0079303049
31,0.1586879045,4,0.1701709032,0.0127887977
32,0.2326525450,5,0.2503577471,-0.0050289095
33,0.1518929601,4,0.1893991381,0.0002923466
34,0.1917369068,4,0.2112759948,0.0023442006
35,0.1202137768,4,0.1318566203,0.0020094137
36,0.1799849570,4,0.1795332879,0.0056019588
37,0.1421679258,4,0.1807658225,0.0049249548
38,0.1329865605,5,0.1610104591,-0.0051515754
39,0.2093535215,5,0.2168953270,-0.0068399389
40,0.2034163177,5,0.2142097801,-0.0002724387
41,0.1951799542,5,0.2581899166,-0.0065230252
42,0.1728415936,5,0.1779055297,0.0280139353
43,0.1664274186,5,0.2073661387,-0.0048469575
44,0.1900941133,5,0.1905722767,0.0005362568
45,0.2703334689,4,0.3181465268,-0.0030439852
46,0.1838934273,5,0.2119469345,-0.0029795736
47,0.1829077750,2,0.2007839233,0.0109921610
48,0.2641605735,4,0.2903750837,-0.0092374664
49,0.1655915082,2,0.1752209961,0.0053307917
50,0.2340295017,5,0.2516768277,-0.0072980057
51,0.1554465890,4,0.1731116027,-0.0042176936
52,0.1687556505,4,0.2053607851,-0.0073137786
53,0.2021562308,5,0.2080591917,0.0063054999
54,0.1692867726,5,0.1452915221,-0.0029044221
55,0.1227249727,3,0.1341125667,-0.0106075769
56,0.2558310330,6,0.2617854178,0.0048696538
57,0.1541754007,5,0.1546505988,0.0000638233
58,0.1475979239,4,0.1655609608,-0.0050395099
59,0.1983930171,5,0.2262059152,-0.0044561606
60,0.2098669559,4,0.2694791257,-0.0019831685
61,0.1996899247,5,0.2146533877,-0.0070171175
62,0.2170324177,5,0.2383522391,0.0110724354
63,0.1936946809,5,0.2007495463,-0.0090131573
64,0.1132882163,4,0.1260343045,0.0010986360
65,0.1635072529,3,0.1689750701,-0.0033533229
66,0.1314217448,5,0.1273474842,-0.0005552222
67,0.1867566556,3,0.2111738771,-0.0066736862
68,0.1657327414,5,0.1648331136,0.0009185860
69,0.1404326558,4,0.1646168977,0.0009015683
70,0.1741198897,5,0.1690518260,-0.0009141730
71,0.1899032146,4,0.2392146736,-0.0005571060
72,0.2559508979,2,0.2903444171,-0.0078965845
73,0.2212705761,3,0.3198530078,0.0107618682
74,0.1357772648,4,0.1535693854,-0.0037655074
75,0.2459509373,5,0.2518956363,0.0202384535
76,0.1597962528,5,0.1592769027,0.0046403375
77,0.1268279701,3,0.1521862596,0.0043625738
78,0.2264115959,6,0.2093277723,0.0008489336
79,0.1375898868,5,0.1537433863,-0.0043902504
80,0.1665299684,4,0.2042564750,0.0137320952
81,0.2584501803,5,0.2897975445,-0.0102397641
82,0.1569718719,4,0.1612761319,0.0077329525
83,0.1386005133,3,0.1500157267,0.0081523145
84,0.1598422229,5,0.1593375653,-0.0054623461
85,0.1254792809,2,0.1372366101,-0.0066161430
86,0.1892203540,3,0.2117252797,-0.0047257491
87,0.1601334363,4,0.1582099944,-0.0028058165
88,0.1867048442,6,0.2028430700,0.0169127844
89,0.1228571385,2,0.1553013772,0.0023810056
90,0.1903061718,5,0.1915591955,0.0177544728
91,0.1867660880,5,0.2214091867,-0.0086358348
92,0.3808507323,3,0.3867181242,0.0044073374
93,0.1714797467,5,0.1882541925,0.0271587558
94,0.1483787000,5,0.1662395447,-0.0027274629
95,0.1587772965,5,0.1800626367,0.0134176891
96,0.1617775708,3,0.1759418994,-0.0035900027
97,0.1963772625,4,0.2364628762,-0.0109972786
98,0.1503950655,4,0.1619543135,0.0025022735
99,0.1268036813,4,0.1367725730,0.0020970209
100,0.1467871517,5,0.1404705197,-0.0101036467
101,0.2437455058,5,0.2669284344,-0.0096366042
102,0.1694761515,4,0.2278810889,0.0007820655
103,0.1574151665,4,0.1650328934,0.0005631077
104,0.1554246098,4,0.1794364452,0.0012963726
105,0.2400161922,4,0.2810847759,-0.0002868337
106,0.1528033018,4,0.1595268995,-0.0089061595
107,0.1272151917,4,0.1321716607,-0.0079333642
108,0.1678794175,5,0.1756714880,-0.0073014731
109,0.1283656061,5,0.1411650032,-0.0079598548
110,0.2030016184,5,0.2465057969,0.0219232850
111,0.1443704218,5,0.1557211429,-0.0061120722
112,0.1413307488,5,0.1739372015,0.0032890344
113,0.1503934264,2,0.1385440379,-0.0020044434
114,0.1520860791,4,0.1616607159,-0.0048580724
115,0.1987678707,4,0.2261393666,0.0054652118
116,0.2828669846,5,0.2972673476,-0.0126338983
117,0.1550896764,4,0.1760876179,-0.0074178097
118,0.1479955316,5,0.1607744992,-0.0025544609
119,0.1495440602,4,0.1777922362,0.0023048318
120,0.1817191094,5,0.1780428588,-0.0083544329
121,0.2080662251,5,0.2428843677,0.0111405263
122,0.1470977217,5,0.1544394344,0.0047929101
123,0.1358672827,4,0.1802964509,0.0011633323
124,0.1631808877,3,0.1745141894,0.0014373490
125,0.1965611726,3,0.2247881591,-0.0079235546
126,0.1830020100,5,0.2224096805,-0.0011101277
127,0.1385791004,5,0.1424828917,-0.0065444801
128,0.2455071807,5,0.2667414248,-0.0116627673
129,0.2070687115,5,0.2174854130,-0.0031799481
130,0.2111041844,4,0.2203093171,-0.0016954595
131,0.1146771088,4,0.1209272295,-0.0103249466
132,0.2135756612,5,0.2312831730,0.0078345221
133,0.1550297290,5,0.1571702212,-0.0016304118
134,0.1379941404,5,0.1456247866,-0.0023742628
135,0.1443483829,4,0.2148410082,-0.0009432733
136,0.2484153360,3,0.3026386201,-0.0039911103
137,0.1419970244,5,0.1425587684,-0.0043383040
138,0.2062634528,5,0.2252918184,0.0098047443
139,0.1309938133,4,0.1501338184,-0.0046324218
140,0.2200890929,4,0.2268406004,-0.0062952288
141,0.1749246567,4,0.2216358334,0.0006555154
142,0.1341209859,4,0.1654966772,-0.0061735781
143,0.2818999887,2,0.3600591421,0.0004874778
144,0.1392987072,3,0.1662299335,-0.0025699271
145,0.1594079286,2,0.1754350662,-0.0002094763
146,0.1424699873,4,0.1575074494,-0.0037575471
147,0.1813464463,5,0.1821174175,0.0021193391
148,0.1339596361,2,0.1487388462,0.0191988647
149,0.1667027622,5,0.1547556967,-0.0104874633
150,0.1262458116,4,0.1255739480,-0.0028303552
151,0.2476885766,5,0.3192678988,0.0025349976
152,0.1567482501,5,0.1656375527,0.0023107401
153,0.1795202345,4,0.1886330098,-0.0020971315
154,0.1765376776,5,0.1941443831,-0.0047174301
155,0.1761519164,3,0.1895241886,-0.0043952055
156,0.1603833735,3,0.1952106208,-0.0035055073
157,0.1895159334,4,0.2456457466,0.0043646088
158,0.1478616297,5,0.1512207240,-0.0096336445
159,0.2091234773,6,0.2508697212,-0.0073612258
160,0.1456185579,4,0.1919963807,-0.0067389887
161,0.1234375909,2,0.1339803189,0.0083881719
162,0.1635648012,5,0.1786730736,0.0092986533
163,0.1728408784,4,0.2027427256,0.0041489005
164,0.1436843276,2,0.1602207571,-0.0034818815
165,0.1677685380,4,0.2053182572,-0.0052501718
166,0.1537985802,5,0.1389464140,-0.0011789537
167,0.1670777202,4,0.1756146401,0.0123286154
168,0.1591665000,4,0.1489066184,-0.0040097879
169,0.1642747521,5,0.1818978488,0.0001753138
170,0.1623288840,5,0.2074186653,-0.0073017925
171,0.1908601373,5,0.1978532374,0.0035292788
172,0.1680888236,4,0.2139526457,0.0035476100
173,0.1646195948,4,0.1870001554,-0.0110217100
174,0.1625995040,4,0.1868056804,0.0017235111
175,0.2044683397,5,0.1961319000,-0.0061751958
176,0.1312829405,4,0.1563836634,0.0131139988
177,0.1594581157,5,0.1348301023,0.0103854639
178,0.1634551585,4,0.2210729271,-0.0080338009
179,0.2321308106,3,0.2643132806,0.0042829760
180,0.2274059802,5,0.2673056424,0.0129298503
181,0.2116106004,5,0.2244312316,-0.0046313363
182,0.1828163713,4,0.1932091564,-0.0011963323
183,0.2082396001,5,0.1965123117,-0.0062031350
184,0.2980645001,3,0.2968782783,-0.0150125604
185,0.2125141919,5,0.2088303268,-0.0006753777
186,0.1543094516,4,0.1687200069,0.0164966807
187,0.1519814581,4,0.1870619506,-0.0049343235
188,0.2153155357,4,0.2383575290,0.0076897126
189,0.2488208711,3,0.2467911243,0.0023503918
190,0.1440467089,5,0.1515783817,0.0008567735
191,0.1474549621,5,0.1400016397,-0.0066185300
192,0.2521127462,5,0.3047152758,-0.0049165306
193,0.2012449652,5,0.2295291126,-0.0094565637
194,0.1627590656,4,0.1716921031,0.0152790649
195,0.1729139388,5,0.2173262239,-0.0050720745
196,0.1519872099,2,0.1729828268,-0.0005977007
197,0.1486050338,5,0.1644407660,-0.0072945305
198,0.1610705256,4,0.1853089035,-0.0029578893
199,0.1284112781,4,0.1448399276,0.0144570936
200,0.1534022391,4,0.1769114882,0.0029276679
201,0.1773906201,4,0.2143748999,-0.0068267747
202,0.1396418512,3,0.1453336328,-0.0083284592
203,0.1787828803,5,0.1931868941,0.0010334328
204,0.2551650107,5,0.2912074029,-0.0103852823
205,0.2145807594,4,0.2609725296,-0.0140505182
206,0.2225164473,5,0.2355281413,-0.0053354800
207,0.1543352306,3,0.1443170309,0.0031904946
208,0.1608640105,4,0.1549872160,0.0031514983
209,0.2786054313,3,0.3406395018,-0.0066575985
210,0.1371245533,4,0.1579306722,0.0065278038
211,0.1303616166,4,0.1453710049,0.0016587513
212,0.2303513139,4,0.2606534064,-0.0013750042
213,0.1542336494,4,0.1785582006,0.0035980046
214,0.1732126921,5,0.1967461109,0.0027684886
215,0.1485307366,5,0.1460436583,0.0049904054
216,0.1771992445,5,0.1599781215,-0.0002222326
217,0.1627780944,4,0.1629973650,-0.0076264930
218,0.1275472641,4,0.1333356202,-0.0051975590
219,0.1782217473,5,0.1868890375,-0.0058907736
220,0.1444289088,4,0.1670238823,-0.0038454561
221,0.1557289511,5,0.1777970493,-0.0055904835
222,0.1367724985,5,0.1394039541,-0.0101519637
223,0.1752297878,5,0.1560979486,0.0099357758
224,0.2730861306,6,0.3096782863,-0.0012901207
225,0.1496564150,3,0.1706257015,0.0095423488
226,0.1539953053,4,0.1783389449,-0.0061236206
227,0.2428321838,3,0.2922156155,-0.0000208504
228,0.1459419429,6,0.1442591846,-0.0080125881
229,0.1578029990,5,0.1573513597,-0.0038226703
230,0.2054791898,4,0.2862251103,-0.0060800347
231,0.1393457651,4,0.1541125923,0.0010349466
232,0.1600399464,4,0.1657796502,-0.0071999230
233,0.2124373317,5,0.1844508201,-0.0107457675
234,0.1411251426,4,0.1481066346,-0.0102701476
235,0.1279466599,2,0.1371418089,0.0001840209
236,0.1942255199,5,0.2100779563,-0.0021667711
237,0.1764753610,4,0.2061641365,0.0302630588
238,0.2047778666,5,0.2294727564,-0.0096990531
239,0.1843446344,5,0.2133080214,0.0044244258
240,0.1398978531,5,0.1512664109,0.0016038836
241,0.1243912727,5,0.1442495435,-0.0058853654
242,0.1154715344,4,0.1319391280,-0.0061949515
243,0.1528042555,4,0.1847803593,0.0059903357
244,0.2475808412,5,0.2764662802,-0.0064738779
245,0.1756639332,5,0.1871768534,0.0096519608
246,0.1361054182,3,0.1468153745,0.0027758102
247,0.1178640872,2,0.1461780816,0.0020566795
248,0.1850000769,5,0.2173999846,-0.0071605169
249,0.2052314579,6,0.2102031112,-0.0002620393
250,0.2102456391,4,0.2561902106,0.0037616442
251,0.2224265635,5,0.2351925969,-0.0039683115
252,0.1556186378,5,0.1725698709,-0.0063469429
253,0.2826641202,3,0.2916762233,-0.0121444520
254,0.1658420414,4,0.2129461020,0.0006006937
255,0.1352118999,4,0.1577809900,0.0110853761
256,0.1599609554,5,0.1761395484,0.0024166694
257,0.2525911629,4,0.2404926866,-0.0080397809
258,0.1775917411,4,0.2154295743,-0.0042011631
259,0.1445440650,4,0.1476090997,0.0067890058
260,0.2743428349,4,0.3184306622,-0.0045651039
261,0.2370874137,5,0.2943009138,0.0008970203
262,0.1598374099,4,0.1591675133,-0.0068614599
263,0.1869512796,4,0.2078489959,0.0162639488
264,0.1700427830,4,0.1848637611,0.0226887073
265,0.1613629460,3,0.2055448145,-0.0015357559
266,0.1896270812,5,0.2013230175,0.0117128110
267,0.2581350803,5,0.2762364447,-0.0077536725
268,0.2000416815,5,0.1930463463,-0.0114958696
269,0.1589812040,5,0.1699667573,0.0017779217
270,0.1859094948,5,0.1788731068,-0.0010338236
271,0.2637498379,5,0.2853266895,0.0012866925
272,0.1337874830,5,0.1499300301,-0.0080174953
273,0.1505441666,5,0.1586588323,-0.0005150545
274,0.2185501456,4,0.2413819134,-0.0048972177
275,0.1936940998,5,0.1674234420,0.0076043466
276,0.2266402692,4,0.2534147799,0.0060991775
277,0.1433856189,5,0.1622985005,0.0037594561
278,0.1381289661,4,0.1448614597,-0.0117340069
279,0.2325772345,4,0.2751079500,-0.0056194859
280,0.1720297635,4,0.1967267990,0.0024544587
281,0.1598951817,5,0.1530697346,0.0101094078
282,0.1404142976,4,0.1679057926,-0.0074717011
283,0.1393609196,4,0.1629739255,-0.0053302431
284,0.1351979971,3,0.1482168734,0.0121131502
285,0.1708305776,5,0.1599377245,0.0014503772
286,0.1591787338,4,0.1715877950,-0.0085718082
287,0.1457418054,4,0.1593985260,-0.0027560617
288,0.1370289028,4,0.1403987110,-0.0032359650
289,0.1812695861,3,0.1883034855,-0.0128987832
290,0.1292829216,4,0.1705178767,0.0071811653
291,0.2127100676,4,0.2227820605,-0.0119922590
292,0.1324464679,3,0.1346957684,0.0023439261
293,0.2002269030,3,0.2273728102,0.0000343612
294,0.1285915673,2,0.1537842900,0.0047732773
295,0.1511367112,4,0.1568116248,-0.0120616090
296,0.1715695113,3,0.1849927455,-0.0053711310
297,0.1589147151,2,0.1987958550,-0.0061084982
298,0.1364858598,5,0.1546806395,0.0125366487
299,0.1446696669,5,0.1625217497,0.0087674046
300,0.2484981865,5,0.2727771699,-0.0062173363
301,0.1308257878,4,0.1462603807,0.0006236856
302,0.1237202883,4,0.1440755278,-0.0025408203
303,0.1386917681,4,0.1722335219,-0.0095951371
304,0.1310896724,5,0.1651833802,-0.0045221164
305,0.1795181036,2,0.2050150484,-0.0068890965
306,0.2045458853,5,0.2421211004,0.0098977517
307,0.1912859380,5,0.1723171920,-0.0053111888
308,0.1403713077,4,0.1594059765,0.0159544144
309,0.2411192209,3,0.2879772484,-0.0037349549
310,0.2353865057,5,0.2877739966,-0.0040514166
311,0.1489139944,5,0.1357531250,-0.0050134715
312,0.1348114312,2,0.1816585362,0.0025878383
313,0.2081708461,4,0.2528426647,-0.0025894030
314,0.1696900576,3,0.2173167020,0.0050055254
315,0.1973043084,5,0.1958547682,0.0232051052
316,0.2132726014,5,0.2514240742,0.0043128114
317,0.1718237251,5,0.2020766735,-0.0008657848
318,0.2200074643,5,0.2369880676,-0.0083207525
319,0.1357948035,5,0.1475926042,0.0013053919
320,0.1279067844,4,0.1318395436,0.0006773145
321,0.1285718679,4,0.1402906179,-0.0020594613
322,0.1663913876,4,0.1956371367,0.0083539160
323,0.1785202920,5,0.1668974310,0.0109416144
324,0.2297319025,3,0.3050529659,-0.0110274730
325,0.2397496700,5,0.2898706794,-0.0001292475
326,0.1382666975,3,0.1654887497,0.0118772965
327,0.1456406116,3,0.1642746478,0.0016863003
328,0.2061067522,4,0.2529041171,-0.0083421748
329,0.1965063065,5,0.2104007900,-0.0008487238
330,0.1605324298,5,0.2063878775,-0.0023243481
331,0.1659689397,4,0.1770980507,0.0023282839
332,0.1618376672,5,0.1471681595,-0.0070883590
333,0.1524167955,5,0.1706956625,-0.0062753698
334,0.1301870942,4,0.1582746357,0.0150961513
335,0.2499833703,4,0.3107007742,0.0027728030
336,0.1502686590,5,0.1450627148,-0.0015998656
337,0.1747146994,2,0.1927381754,0.0086951675
338,0.1381645948,5,0.1656012833,0.0002855704
339,0.1827000976,5,0.2264334708,-0.0035155772
340,0.1914106309,4,0.2245282531,-0.0073771840
341,0.1447036117,3,0.1485387385,-0.0119971829
342,0.1669345796,5,0.1562886834,0.0002622277
343,0.1439953744,5,0.1521075517,-0.0018190185
344,0.1704539508,5,0.1932301670,0.0025990410
345,0.1735525280,4,0.1826779246,0.0028764599
346,0.1954495311,4,0.2099593729,0.0096700136
347,0.2470726669,5,0.2358165979,0.0109859938
348,0.1267868280,4,0.1455072016,-0.0039463160
349,0.1435173452,5,0.1310190856,-0.0104078688
350,0.2755645812,5,0.3405995965,-0.0007159308
351,0.2278228402,4,0.2889474332,0.0141587220
352,0.1262867898,4,0.1443058401,-0.0039253864
353,0.1167367324,4,0.1200763360,-0.0030003290
354,0.2164329141,5,0.2336626947,-0.0084363874
355,0.1957746595,4,0.2266046852,0.0009218601
356,0.1375638992,5,0.1616997868,0.0001410865
357,0.1370519698,2,0.1566133648,-0.0079393135
358,0.1615888029,5,0.1769852936,0.0026127435
359,0.2716237605,4,0.2709403932,-0.0026671919
360,0.1489683688,5,0.1522627175,0.0070978054
361,0.2315875590,4,0.2628807127,0.0152918138
362,0.1365088075,4,0.1500227749,0.0010234974
363,0.1536321342,4,0.1757760346,0.0127638429
364,0.2236065269,5,0.2178975791,0.0075854161
365,0.1519939750,4,0.1649522334,0.0005730995
366,0.1487766802,5,0.1863051206,-0.0055961153
367,0.2429343462,5,0.2779819965,0.0053131641
368,0.1539599895,5,0.1381524950,-0.0028615089
369,0.2158714533,5,0.2296351790,-0.0086183650
370,0.1803898960,5,0.1833379567,-0.0040976163
371,0.1868971139,2,0.2005563229,0.0078778155
372,0.2206005156,6,0.1994899660,-0.0040819300
373,0.1272484213,5,0.1521936357,-0.0068294848
374,0.1539489478,4,0.1584851891,-0.0042618103
375,0.1482924670,4,0.1620960087,0.0109380297
376,0.1628328413,4,0.1788061112,0.0039864872
377,0.1680682749,3,0.1914362609,-0.0091823600
378,0.1466883421,4,0.1646328717,0.0087842094
379,0.1818479300,4,0.2449590862,-0.0056639817
380,0.2298755497,5,0.2543371320,-0.0002773454
381,0.2170232832,4,0.2177291960,-0.0101094712
382,0.2841166258,3,0.3307946026,0.0023299621
383,0.1548208743,2,0.1741572917,-0.0042871069
384,0.1355800927,4,0.1417691708,-0.0016339024
385,0.2206333876,4,0.2204175442,-0.0134665566
386,0.1611420512,5,0.1768000126,0.0037884666
387,0.2000259459,5,0.2068197578,0.0063093030
388,0.1692883670,4,0.1978464127,-0.0022889776
389,0.2785045505,5,0.2785423696,0.0093063982
390,0.1503350735,4,0.1566619277,0.0018112872
391,0.1420203447,4,0.1680881083,-0.0095682861
392,0.1459450424,4,0.1743443310,-0.0028159565
393,0.1213012785,2,0.1366236955,0.0017992423
394,0.2292823642,5,0.2529824376,-0.0090291761
395,0.1995846927,5,0.2546147704,-0.0134345936
396,0.1807355881,5,0.1968909949,-0.0039740927
397,0.1479088217,4,0.1479771435,-0.0093546016
398,0.1270497143,3,0.1482596546,-0.0119883465
399,0.1812278479,5,0.2347544283,0.0043072854
400,0.1876011491,4,0.2075835913,-0.0004689743
401,0.1351473033,2,0.1484715641,-0.0073313871
402,0.1363609433,4,0.1662619561,-0.0013347040
403,0.2051048428,4,0.2798881531,0.0196488742
404,0.2001672238,4,0.2447919101,0.0052528656
405,0.1798247546,4,0.1942759901,-0.0017018163
406,0.1984086931,4,0.2250853330,-0.0030743664
407,0.1583075076,4,0.2005932331,0.0076905470
408,0.1851793528,4,0.2176057845,-0.0101172579
409,0.1432265341,4,0.1568357199,0.0043748245
410,0.1809569150,4,0.2273979783,0.0031066416
411,0.1760885566,5,0.1887006015,0.0164310466
412,0.1582486629,4,0.1608579457,-0.0037891525
413,0.1443226784,2,0.1612049490,-0.0021885559
414,0.1462282091,5,0.1291272938,-0.0048888805
415,0.1151115820,4,0.1352447271,-0.0005473908
416,0.1885614991,4,0.2029675990,-0.0080051143
417,0.2138947248,4,0.2653784454,-0.0038563882
418,0.1286904216,4,0.1269650012,-0.0050943634
419,0.1686785966,4,0.1848144978,0.0039393771
420,0.2090563476,5,0.2357528955,0.0043053958
421,0.2016921490,5,0.2533566654,-0.0021197691
422,0.1319151074,5,0.1410646588,-0.0032315820
423,0.1501252055,4,0.1600805968,0.0048968028
424,0.2003913373,5,0.2027359754,0.0047083795
425,0.1796072572,5,0.2068433315,-0.0055286814
426,0.2027066499,4,0.1957787275,-0.0007615385
427,0.3015210629,4,0.3032505512,-0.0009491812
428,0.1433684230,4,0.1626452208,0.0006791442
429,0.1576456577,3,0.1610194743,-0.0061897878
430,0.1647290289,4,0.1976924539,0.0054822792
431,0.1923163682,3,0.2317899764,0.0001964618
432,0.1394287348,4,0.1523564756,0.0065253023
433,0.1778524816,6,0.1791015118,-0.0097002294
434,0.1540869176,5,0.1510411203,-0.0043569030
435,0.1506042331,5,0.1870891303,0.0015614596
436,0.1600577235,2,0.1721004397,-0.0037121652
437,0.3328443766,3,0.3853554130,-0.0004835328
438,0.1590117812,4,0.1749846488,-0.0109587060
439,0.2436918914,6,0.2626015842,-0.0022533862
440,0.1766328067,5,0.1517751068,-0.0089352038
441,0.1669558585,4,0.1907367110,-0.0058372058
442,0.1499591321,4,0.2162857503,-0.0082853157
443,0.1425725222,3,0.1574326754,-0.0050664162
444,0.1590595692,5,0.1685616225,-0.0015814890
445,0.2378621399,5,0.2387621403,0.0006701797
446,0.2391813546,5,0.2768602669,-0.0124958325
447,0.1823117882,4,0.2357428372,-0.0123958560
448,0.1535298675,4,0.1891760975,-0.0026756206
449,0.3004024029,3,0.3246817887,-0.0026917995
450,0.2510350943,5,0.2877030969,-0.0042623379
451,0.2080729753,5,0.2531847060,-0.0124453921
452,0.1326374859,4,0.1505987495,-0.0091048935
453,0.1500561386,4,0.1623473763,0.0046451571
454,0.2213687450,5,0.2263952345,0.0067592324
455,0.2126492262,4,0.2550358772,0.0220768414
456,0.1602240950,5,0.1693609953,0.0003972368
457,0.2148108184,4,0.3205651939,0.0189882126
458,0.1699220985,5,0.1655358821,-0.0035349759
459,0.1599513292,4,0.1843228638,0.0034098208
460,0.2670418322,5,0.2791946530,0.0079285251
461,0.2114648968,5,0.2543888986,0.0023042001
462,0.1669408381,4,0.2210101485,-0.0093780691
463,0.1794002801,5,0.1515847892,0.0015952802
464,0.1558817625,4,0.2274696678,0.0035751632
465,0.1683212668,4,0.2197804749,0.0048507494
466,0.2594591975,3,0.3325929344,0.0102457404
467,0.1639653742,5,0.1882581115,0.0057668216
468,0.1962971240,5,0.1963755041,0.0049310508
469,0.2068766057,4,0.2835018933,0.0095495740
470,0.2654828131,3,0.2964421809,0.0070338068
471,0.1384838670,3,0.1497577727,-0.0073985341
472,0.1455630064,3,0.1643114537,0.0132892821
473,0.1701487750,2,0.1966105700,-0.0065018525
474,0.2323215008,5,0.2271634042,-0.0110113509
475,0.1497109383,4,0.1359120011,-0.0073737353
476,0.1452120095,4,0.1517342627,-0.0069237808
477,0.1805543303,5,0.1751333624,0.0117925964
478,0.1900649965,4,0.2581789792,0.0010447179
479,0.1383750439,4,0.1539302468,0.0033072701
480,0.1407841295,5,0.1520562470,-0.0004583515
481,0.1906400919,5,0.1986862868,0.0089453105
482,0.1462763548,3,0.1611852050,-0.0100374110
483,0.1690886319,5,0.1785127372,0.0016946136
484,0.1444432586,5,0.1413806528,-0.0031055515
485,0.1515531242,4,0.1907947063,-0.0012447084
486,0.1381665468,4,0.1556176543,-0.0056464681
487,0.2180425078,4,0.2540587485,-0.0121671343
488,0.2134314775,4,0.2751125395,0.0117732640
489,0.1380241215,4,0.1342159957,-0.0092157833
490,0.2123731673,5,0.1788596660,0.0103056980
491,0.2146284133,4,0.2228391618,0.0012709789
492,0.2272193432,4,0.2654778957,-0.0113021564
493,0.1818816066,4,0.1827973127,0.0023141759
494,0.1604091823,3,0.1812638342,-0.0027797238
495,0.2414515465,5,0.2882721722,0.0005271845
496,0.2438832223,4,0.2977589965,0.0092567988
497,0.1306224912,4,0.1627023965,0.0025013641
498,0.2659308016,4,0.2586170137,-0.0063036550
499,0.1996362656,5,0.2026690245,-0.0000096970
